Key,Japanese,English,ChineseTraditional,ChineseSimplified
Title.Start,最初から,Start From The Beginning,,
Title.Load,続きから,Load Save File,,
Title.Quit,終了,End Game,,
Home.Morning,朝,,,
Home.Afternoon,午後,,,
Home.Night,夜,,,
Home.Action,移動,Action,,
Home.Kaijin,怪人,Kaijin,,
Home.Indoor,屋内,Indoor,,
Home.Outdoor,街,Street,,
Home.Save,セーブ,Save,,
Home.Load,ロード,Load,,
BattleHire.ReqBattlepoint,必要作戦ポイント:,,,
BattleHire.Hire,雇用,Hire,,
BattleHire.BattlerHire,怪人雇用,Hire Battler,,
BattleHire.NotAvailable,雇用できる怪人がいません。,,,
Calender.CalenderTitle,カレンダー,Calender,,
Calender.Morning,午前,Morning,,
Calender.Evening,午後,Evening,,
Calender.Night,夜,Night,,
Calender.Midnight,深夜,Midnight,,
Common,,,,
Common.Battlepoint,作戦ポイント,,,
Common.Exit,戻る,Exit,,
Common.MoneyUnit,￥,￥,,
Enemy,,,,
Enemy.Scorpion,サソリ怪人,,,
Enemy.Runa,ルナ,,,
Enemy.Lionfish,ミノカサゴ怪人,,,
Tutorials,,,,
Tutorial.MainMenu-1,ようこそ、<color=yellow>ピュアプリバッドエンド 聖香天使ピュアプリピーチエロ怪人化育成記録</color>へ。,,,